<assembly>
  <id>full</id>
  <formats>
    <format>jar</format>
  </formats>
  <includeBaseDirectory>false</includeBaseDirectory>
  <dependencySets>
    <dependencySet>
      <includes>
        <include>*:*:jar</include>
      </includes>
      <outputDirectory>/</outputDirectory>
      <useProjectArtifact>true</useProjectArtifact>
      <unpack>true</unpack>
      <scope>runtime</scope>
    </dependencySet>
    <dependencySet>
      <outputDirectory>lib/native</outputDirectory>
      <outputFileNameMapping>${artifact.artifactId}${dashClassifier?}.${artifact.extension}</outputFileNameMapping>
      <unpack>false</unpack>
      <useProjectArtifact>false</useProjectArtifact>
      <useStrictFiltering>false</useStrictFiltering>
      <includes>
        <include>*:*:dll:*</include>
        <include>*:*:so:*</include>
        <include>*:*:jnilib:*</include>
      </includes>
    </dependencySet>
  </dependencySets>
</assembly>
